Section,Investigation,Investigation_Loinc,Parameter,parameter_Loinc
CHEMISTRY,ALKALINE PHOSPHATASE,6768-6,ALKALINE PHOSPHATASE,6768-6
CHEMISTRY,ALT (GPT),1743-4,ALT (GPT),1743-4
CHEMISTRY,AMYLASE,25312-0,AMYLASE,25312-0
HORMONES,ANTI-THYROGLOBULIN ABS,56536-6,ANTI THYROGLOBULIN ABS,56536-6
HORMONES,ANTI-THYROID PEROXIDASE ABS,,ANTI THYROID PEROXIDASE ABS,0
BLOOD BANK (DONATION TESTS),ANTI HBC,,ANTI HBC,
BLOOD BANK (DONATION TESTS),ANTI HBS FOR ANTI HBC POSITIVE SAMPLE,,ANTI HBS FOR ANTI HBC,
BLOOD BANK (DONATION TESTS),ANTI HCV,13955-0,ANTI HCV SCREENING,13955-0
BLOOD BANK (DONATION TESTS),ANTI HTLV I&II,,ANTI HTLV I&II,
BLOOD BANK,ANTIBODY IDENTIFICATION,888-8,ANTIBODY IDENTIFICATION,
BLOOD BANK (DONATION TESTS),ANTIBODY SCREENING,,ANTIBODY SCREENING,
CHEMISTRY,AST (GOT),30239-8,AST (GOT),30239-8
HORMONES,B-HCG (QUANTITATIVE),83086-9,B-HCG VIDAS,83086-9
HORMONES,B-HCG (QUANTITATIVE),83086-9,BHCG COBAS,
HORMONES,B-HCG (QUANTITATIVE),83086-9,B-HCG ARCHITECT,83086-9
HORMONES,B-HCG (QUANTITATIVE),83086-9,B-HCG STAT ARCHITECT,
CHEMISTRY,BILIRUBIN (CONJUGATED),1968-7,BILIRUBIN (CONJUGATED),1968-7
BLOOD BANK (DONATION TESTS),BLOOD GROUP,34532-2,ABO,883-9
BLOOD BANK (DONATION TESTS),BLOOD GROUP,34532-2,RH,10331-7
BLOOD BANK (DONATION TESTS),BLOOD GROUP,34532-2,Phenotyp,
BLOOD BANK (DONATION TESTS),BLOOD GROUP,34532-2,Kell,
POCT,BNP (POCT),,BNP (POCT),
CHEMISTRY,BONE PANEL,,CORRECTED Ca,
CHEMISTRY,BONE PANEL,,CALCIUM,17861-6
CHEMISTRY,BONE PANEL,,PHOSPHORUS,2777-1
CHEMISTRY,BONE PANEL,,ALKALINE PHOSPHATASE,17838-4
CHEMISTRY,BONE PANEL,,TOTAL PROTEIN,2885-2
CHEMISTRY,BONE PANEL,,ALBUMIN,1751-7
MOHLabTest,C-REACTIVE PROTEIN,,C-REACTIVE PROTEIN,
CHEMISTRY,CALCIUM,17861-6,CORRECTED CA,46099-8
CHEMISTRY,CALCIUM,17861-6,CALCIUM,17861-6
CULTURE D,Candida Auris screening,,Candida Auris screening,
HEMATOLOGY,CBC DIFF,57021-8,WBC,6690-2
HEMATOLOGY,CBC DIFF,57021-8,RBC,789-8
HEMATOLOGY,CBC DIFF,57021-8,HGB,718-7
HEMATOLOGY,CBC DIFF,57021-8,HCT,4544-3
HEMATOLOGY,CBC DIFF,57021-8,MCV,787-2
HEMATOLOGY,CBC DIFF,57021-8,MCH,785-6
HEMATOLOGY,CBC DIFF,57021-8,MCHC,786-4
HEMATOLOGY,CBC DIFF,57021-8,PLATELET COUNT,777-3
HEMATOLOGY,CBC DIFF,57021-8,NEUT%,770-8
HEMATOLOGY,CBC DIFF,57021-8,LYMP%,736-9
HEMATOLOGY,CBC DIFF,57021-8,MONO%,5905-5
HEMATOLOGY,CBC DIFF,57021-8,EOS%,713-8
HEMATOLOGY,CBC DIFF,57021-8,BASO%,706-2
HEMATOLOGY,CBC DIFF,57021-8,NEUT Count,751-8
HEMATOLOGY,CBC DIFF,57021-8,LYMP Count,731-0
HEMATOLOGY,CBC DIFF,57021-8,MONO Count,742-7
HEMATOLOGY,CBC DIFF,57021-8,EOS Count,711-2
HEMATOLOGY,CBC DIFF,57021-8,BASO Count,704-7
HEMATOLOGY,CBC DIFF,57021-8,NEUT%,0
HEMATOLOGY,CBC DIFF,57021-8,LYMP%,0
HEMATOLOGY,CBC DIFF,57021-8,EOS%,0
HEMATOLOGY,CBC DIFF,57021-8,BASO%,0
POCT,CHEM8+ I-stat Machine Panel (POCT),,K-POCT,
POCT,CHEM8+ I-stat Machine Panel (POCT),,CL-POCT,
POCT,CHEM8+ I-stat Machine Panel (POCT),,BUN-POCT,
POCT,CHEM8+ I-stat Machine Panel (POCT),,CREA-POCT,
POCT,CHEM8+ I-stat Machine Panel (POCT),,GLU-POCT,
POCT,CHEM8+ I-stat Machine Panel (POCT),,ICALCIUM-POCT,
POCT,CHEM8+ I-stat Machine Panel (POCT),,ANGAP-POCT,
POCT,CHEM8+ I-stat Machine Panel (POCT),,HCT-POCT,
POCT,CHEM8+ I-stat Machine Panel (POCT),,HGB-POCT,
POCT,CHEM8+ I-stat Machine Panel (POCT),,TCO2-POCT,
POCT,CHEM8+ I-stat Machine Panel (POCT),,Na-POCT,
CHEMISTRY,CK-MB,32673-6,CK-MB vidas,32673-6
CHEMISTRY,CK-MB,32673-6,CK-MB Architect,
CHEMISTRY,CK-MB,32673-6,CK-MB AQT,32673-6
CHEMISTRY,CK-MB,32673-6,CK-MB Cobas,32673-6
POCT,CKMB (POCT),,CKMB-POCT,
HORMONES,CORTISOL URINE 24 HOUR,,Cortisol in urine (Free),
MOHLabTest,CREATININE RANDOM URINE,2161-8,CREATININE RANDOM URINE,
SEROLOGY,CRP ( LATEX ),1988-5,CRP ( IMMAGE 800 ),
SEROLOGY,CRP ( LATEX ),1988-5,CRP (ARCHITECT),0
SEROLOGY,CRP ( LATEX ),1988-5,CRP ( LATEX ),1988-5
SEROLOGY,CSF Cryptococcal Ag,,CSF Cryptococcal Ag,
MOLECULAR DIAGNOSTICS-INFECTIOUS DISEASES,CSF HSV 1&2 PCR (qualitative),,CSF HSV 1&2 PCR (qualitative),
MOLECULAR DIAGNOSTICS-INFECTIOUS DISEASES,CSF HSV 1&2 PCR (quantitative),,CSF HSV 1&2 PCR (quantitative),
CULTURE E,CSF Indian ink test,,CSF Indian ink test,
IMMUNOLOGY,CSF RPR,,CSF RPR,
HEMATOLOGY HEMOSTASIS,D-DIMER,,D-DIMER AQT,
HORMONES,DHEA-S,15054-0,DHEA-S,15054-0
CHEMISTRY,EGFR,69405-9,EGFR,69405-9
HORMONES,FERRITIN,20567-4,FERRITIN,20567-4
HORMONES,FOLATE,2284-8,FOLATE,2284-8
HORMONES,FREE T3,83127-1,FREE T3,83127-1
HORMONES,FREE T4,14920-3,FREE T4,14920-3
HORMONES,FSH,15067-2,FSH,15067-2
MOHLabTest,GAMMA GT,,GAMMA GT,
CHEMISTRY,GLUCOSE FASTING,14771-0,GLUCOSE FASTING,14771-0
CHEMISTRY,GLUCOSE FASTING,14771-0,COMMENT,0
POCT,GLUCOSE FASTING  (POCT),,GLUCOSE FASTING  (POCT),
POCT,GLUCOSE FASTING  POCT,40014-3,GLUCOSE FASTING  POCT,40014-3
POCT,GLUCOSE FASTING  POCT,40014-3,COMMENT,
CHEMISTRY,GLUCOSE RANDOM,14749-6,GLUCOSE RANDOM,14749-6
POCT,GLUCOSE RANDOM  POCT,2345-7,GLUCOSE RANDOM  POCT,2345-7
CHEMISTRY,GLYCOSYLATED HB,4548-4,GLYCOSYLATED HB,4548-4
SEROLOGY,HBs Ab,5193-8,-,0
SEROLOGY,HBs Ab,5193-8,HBs Ab,5193-8
BLOOD BANK (DONATION TESTS),HBS AB,,HBS AB,
BLOOD BANK (DONATION TESTS),HBSAG,,HBSAG,
MOHLabTest,HCG QUANTITATIVE BLOOD,,HCG QUANTITATIVE BLOOD,
BLOOD BANK (DONATION TESTS),HCV RIBA,,HCV RIBA,
CHEMISTRY,HDL - CHOLESTEROL,2085-9,HDL - CHOLESTEROL,2085-9
BLOOD BANK (DONATION TESTS),HIV 1&2 AGAB +24P,,HIV 1&2 AGAB +24P,
CHEMISTRY,IRON,50190-8,TIBC,2500-7
CHEMISTRY,IRON,2498-4,IRON,2498-4
CHEMISTRY,IRON,50190-8,IRON,2498-4
MOHLabTest,LACTATE DEHYDROGENASE,,LACTATE DEHYDROGENASE,
CHEMISTRY,LDH,14804-9,LDH,14804-9
HORMONES,LH,10501-5,LH,10501-5
CHEMISTRY,LIPASE,3040-3,LIPASE,3040-3
CHEMISTRY,LIPID PROFILE,,CHOLESTEROL HDL RATIO,0
CHEMISTRY,LIPID PROFILE,,CHOLESTEROL,2093-3
CHEMISTRY,LIPID PROFILE,,TRIGLYCERIDES,12951-0
CHEMISTRY,LIPID PROFILE,,HDL - CHOLESTEROL,2085-9
CHEMISTRY,LIPID PROFILE,,LDL - CHOLESTEROL,13457-7
CHEMISTRY,LIVER PANEL,24325-3,BILIRUBIN (TOTAL),1975-2
CHEMISTRY,LIVER PANEL,24325-3,BILIRUBIN (CONJUGATED),1968-7
CHEMISTRY,LIVER PANEL,24325-3,ALKALINE PHOSPHATASE,6768-6
CHEMISTRY,LIVER PANEL,24325-3,ALT (GPT),1742-6
CHEMISTRY,LIVER PANEL,24325-3,AST (GOT),1920-8
MOHLabTest,LUTEINIZING HORMONE,,LUTEINIZING HORMONE,
MOHLabTest,MALARIA SMEAR,32700-7,MALARIA SMEAR,32700-7
BLOOD BANK (DONATION TESTS),MALARIA TEST FOR BLOOD DONORS,MALA,MALARIA,
MOHLabTest,MANUAL DIFFERENTIAL,18768-2,MANUAL DIFFERENTIAL,18768-2
HEMATOLOGY,MANUAL PLATELET COUNT,0,MANUAL PLATELET COUNT,0
BLOOD BANK (DONATION TESTS),NAT SCREENING,,NAT SCREENING,
HORMONES,PARATHYRIOD HORMONE (PTH),2731-8,PTH,2731-8
CHEMISTRY,PHOSPHORUS,14879-1,PHOSPHORUS,14879-1
CHEMISTRY,PRO BNP,30934-4,PRO BNP,30934-4
CHEMISTRY,PRO BNP,30934-4,NT-pro BNP (AQT),0
HORMONES,PROGESTERONE,83109-9,PROGESTERONE,83109-9
HORMONES,PROLACTIN (PRL),2842-3,PRL,2842-3
POCT,PT (POCT),,PT-POCT,
POCT,PT (POCT),,INR-POCT,
HEMATOLOGY HEMOSTASIS,PTT,,PTT ,0
HEMATOLOGY,RETICULOCYTE COUNT,50262-5,RETICULOCYTE COUNT %,17849-1
HEMATOLOGY,RETICULOCYTE COUNT,50262-5,RETICULOCYTE COUNT (ABSOLUTE),14196-0
BLOOD BANK (DONATION TESTS),RPR (SYPHILIS),31147-2,RPR (SYPHILIS),31147-2
CHEMISTRY,TOTAL PROTEIN,2885-2,TOTAL PROTEIN,2885-2
SEROLOGY,TOXOPLASMA IgM,25542-2,TOXOPLASMA IgM,25542-2
MOHLabTest,TRANSFERRIN SATURATION,3034-6,TRANSFERRIN SATURATION,3034-6
BLOOD BANK (DONATION TESTS),TREPONEMA PALLIDUM,,TREPONEMA PALLIDUM,
CHEMISTRY,TRIGLYCERIDES,2571-8,TRIGLYCERIDES,2571-8
CHEMISTRY,TROPONIN I,10839-9,TROPONIN I -AQT,10839-9
CHEMISTRY,TROPONIN I,10839-9,hs TROPONIN I - Architect,10839-9
CHEMISTRY,TROPONIN I,10839-9,TROPONIN  T - AQT,10839-9
CHEMISTRY,TROPONIN I,10839-9,Trop. I Vidas (High Sensitive),10839-9
POCT,Troponini (POCT),,Troponini-POCT,
HORMONES,TSH,3016-3,TSH,3016-3
CHEMISTRY,UREA,12962-7,UREA,12962-7
MOHLabTest,URINE ELECTROLYTES,24329-5,Sodium [Moles/volume] in Urine,2955-3
MOHLabTest,URINE ELECTROLYTES,24329-5,Potassium [Moles/volume] in Urine,2828-2
MOHLabTest,URINE ELECTROLYTES,24329-5,Chloride [Moles/volume] in Urine,2078-4
CHEMISTRY,URINE FOR PROTEIN RANDOM,21482-5,URINE PROTEIN,21482-5
HORMONES,VIT.D,2236-8,Total 25 OH VIT.D,2236-8
HORMONES,VITAMIN B12,2132-9,VITAMIN B12,2132-9
MOHLabTest,"Vitamin D 25-OH (total), serum",,"Vitamin D 25-OH (total), serum",
CULTURE D,VRE CRE ESBL screening,,VRE CRE ESBL screening,
